
<?xml version="1.0" encoding="UTF-8"?>
<!DOCTYPE mapper PUBLIC "-//mybatis.org//DTD Mapper 3.0//EN" "http://mybatis.org/dtd/mybatis-3-mapper.dtd">
<mapper namespace="cn.lyf.dao.xml">

    <resultMap id="BaseResultMap" type="cn.lyf.dao.domain.User">
        <result column="id" jdbcType="INTEGER" property="id" />
        <result column="user_id" jdbcType="INT" property="userId" />
        <result column="user_name" jdbcType="VARCHAR" property="userName" />
        <result column="password" jdbcType="VARCHAR" property="password" />
        <result column="job" jdbcType="VARCHAR" property="job" />
        <result column="age" jdbcType="INT" property="age" />
        <result column="height" jdbcType="FLOAT" property="height" />
        <result column="weight" jdbcType="FLOAT" property="weight" />
        <result column="birthday" jdbcType="DATE" property="birthday" />
        <result column="user_picture" jdbcType="VARCHAR" property="userPicture" />
    </resultMap>

    <select id="selectByUserId" resultType="cn.lyf.dao.domain.User">
        select * from user where user_id = #{userId}
    </select>

</mapper>